Model,Val RMSE,Val MAE,Val R²,Test RMSE,Test MAE,Test R²
Linear Regression,1212.148013265379,1062.8274109903323,-0.2698646030148577,1141.1348788303806,1008.4414264988886,0.20553239781397148
Random Forest,642.6369132153659,489.5654692307705,0.6430746078214473,1224.5242135837132,900.1331866666642,0.08517718605817493
Gradient Boosting,617.3538014766103,444.5869313454513,0.6706070019734058,1374.196441754257,1027.4487527270367,-0.15212571877813486
