Model,Val RMSE,Val MAE,Val R²,Test RMSE,Test MAE,Test R²
Linear Regression,1876.7252660095967,1752.0411571240973,-2.321799970349931,4679.42031752563,3490.462869088894,-2.623383964788391
Random Forest,535.647521886301,370.7095428571397,0.7293984529069975,2939.2934700919077,2497.324975000003,-0.42960528468906967
Gradient Boosting,687.1718941461907,425.09234863683315,0.5546485695600762,3222.696681987882,2808.8400986849697,-0.7185774506037954
